,wt beps,wt laeps,so16533 beps,so167333 laeps,so31 beps,so313375 lAPS,so3176345 bEPS,so313376 laEPS,so3193331 bEPS,so3191444 laeps,so3195553beps,so31933333 laeps
 1999.82,-0.0681585,-0.04114415,-0.001671781,0.000589855,0.027188073,0.018877371,-0.066532177,-0.016899697,-0.077690018,0.001594551,-0.086573831,-0.08155035
 1998.855,-0.0678255,-0.0409804,-0.001622611,0.000552989,0.027188073,0.01890847,-0.066132737,-0.016857071,-0.077346835,0.001733207,-0.086115107,-0.081042424
 1997.89,-0.067603,-0.0410459,-0.001647196,0.000423958,0.027238845,0.018955119,-0.065904461,-0.016750515,-0.077101756,0.001733207,-0.085656382,-0.080590934
 1996.925,-0.0673255,-0.04114415,-0.001647196,0.000258061,0.027289616,0.018970669,-0.065790412,-0.01664396,-0.076856677,0.001629215,-0.085281062,-0.080365189